<metadata><idinfo><citation><citeinfo><origin>City of Culver City</origin><title>city_boundary</title><geoform>vector digital data</geoform><onlink>\\INFOTECH0012339\D$\WorkSpace\Geodatabase\Basemap.mdb</onlink><ftname Sync="TRUE">city_boundary</ftname></citeinfo></citation><descript><abstract>A polygon feature class that depicts the Culver City boundary.</abstract><purpose>This data was created to assist governmental agencies and others in making resource management decisions through use of a Geographic Information System (GIS).</purpose><langdata Sync="TRUE">en</langdata></descript><timeperd><timeinfo><sngdate><caldate>unknown</caldate></sngdate></timeinfo><current>Most recent date of editing.</current></timeperd><status><progress>Complete</progress><update>As needed</update></status><spdom><bounding><westbc>-118.458093</westbc><eastbc>-118.371828</eastbc><northbc>34.036379</northbc><southbc>33.963118</southbc></bounding><lboundng><leftbc Sync="TRUE">6425747.643378</leftbc><rightbc Sync="TRUE">6449684.817992</rightbc><bottombc Sync="TRUE">1814186.202359</bottombc><topbc Sync="TRUE">1835349.360651</topbc></lboundng></spdom><keywords><theme><themekey>city boundary</themekey><themekey>administrative boundary</themekey><themekey>city limits</themekey></theme><place><placekey>Culver City</placekey></place></keywords><accconst>Data may not be reproduced or transmitted in any form or by any means, electronic or mechanical, including photocopying and recording systems except as expressly permitted in writing by the City of Culver City.  © City of Culver City.  All Rights Reserved. Data can be shared by completing appropriate data release agreements. Contact the Culver City GIS Program for more information.</accconst><useconst>User, its employees, agents, representatives, assigneess, successors-in-interest, and subcontractors shall not sell, release, free trade, assign, or provide access to the Data, directly or indirectly, to third parties.  © City of Culver City.  All Rights Reserved.</useconst><ptcontac><cntinfo><cntperp><cntper>GIS Analyst</cntper><cntorg>City of Culver City</cntorg></cntperp><cntaddr><addrtype>mailing and physical address</addrtype><address>9770 Culver Blvd</address><city>Culver City</city><state>CA</state><postal>90232</postal><country>USA</country></cntaddr><cntvoice>310.253.5976</cntvoice><cntfax>310.253.5830</cntfax><cntemail>gis@culvercity.org</cntemail><hours>7:30 am to 5:30 pm</hours></cntinfo></ptcontac><secinfo><secclass>Unclassified</secclass></secinfo><native>Microsoft Windows XP Version 5.1 (Build 2600) Service Pack 1; ESRI ArcCatalog 9.1.0.722</native><natvform Sync="TRUE">File Geodatabase Feature Class</natvform></idinfo><dataqual><lineage><srcinfo><srccite><citeinfo><origin>City of Culver City</origin><title>city_boundary</title><othercit>Planning Division</othercit><pubdate>Unknown</pubdate></citeinfo></srccite><srctime><srccurr>publication date</srccurr></srctime></srcinfo><procstep><procdesc>Dataset copied.</procdesc><procdate>Unknown</procdate></procstep><procstep><procdesc>Metadata imported.</procdesc></procstep><procstep><procdesc>Metadata imported.</procdesc><srcused>C:\Temp\xml1EF.tmp</srcused></procstep><procstep><procdesc Sync="TRUE">Metadata imported.</procdesc><srcused Sync="TRUE">C:\DOCUME~1\JONATH~1.HAR\LOCALS~1\Temp\xmlF3.tmp</srcused><date Sync="TRUE">20060222</date><time Sync="TRUE">09000200</time></procstep></lineage></dataqual><spdoinfo><direct>Vector</direct><ptvctinf><esriterm Name="Boundary"><efeatyp Sync="TRUE">Simple</efeatyp><efeageom code="4" Sync="TRUE"></efeageom><esritopo Sync="TRUE">FALSE</esritopo><efeacnt Sync="TRUE">0</efeacnt><spindex Sync="TRUE">FALSE</spindex><linrefer Sync="TRUE">FALSE</linrefer></esriterm></ptvctinf></spdoinfo><spref><horizsys><planar><planci><plance>coordinate pair</plance><coordrep><absres>0.002048</absres><ordres>0.002048</ordres></coordrep><plandu>survey feet</plandu></planci></planar><geodetic><horizdn>North American Datum of 1983</horizdn><ellips>Geodetic Reference System 80</ellips><semiaxis>6378137.000000</semiaxis><denflat>298.257222</denflat></geodetic><cordsysn><geogcsn Sync="TRUE">GCS_North_American_1983</geogcsn><projcsn Sync="TRUE">NAD_1983_StatePlane_California_V_FIPS_0405_Feet</projcsn></cordsysn></horizsys><vertdef><altsys><altres>0.000010</altres><altenc>Explicit elevation coordinate included with horizontal coordinates</altenc></altsys></vertdef></spref><eainfo><detailed Name="Boundary"><enttyp><enttypl>city_boundary</enttypl><enttypt Sync="TRUE">Feature Class</enttypt><enttypc Sync="TRUE">0</enttypc></enttyp><attr><attrlabl Sync="TRUE">FID</attrlabl><attalias Sync="TRUE">FID</attalias><attrtype Sync="TRUE">OID</attrtype><attwidth Sync="TRUE">4</attwidth><atprecis Sync="TRUE">0</atprecis><attscale Sync="TRUE">0</attscale><attrdef Sync="TRUE">Internal feature number.</attrdef><attrdefs Sync="TRUE">Esri</attrdefs><attrdomv><udom Sync="TRUE">Sequential unique whole numbers that are automatically generated.</udom></attrdomv></attr><attr><attrlabl>Shape</attrlabl><attrdef>Feature geometry.</attrdef><attrdefs>ESRI</attrdefs><attrdomv><udom>Coordinates defining the features.</udom></attrdomv><attalias Sync="TRUE">Shape</attalias><attrtype Sync="TRUE">Geometry</attrtype><attwidth Sync="TRUE">0</attwidth><atprecis Sync="TRUE">0</atprecis><attscale Sync="TRUE">0</attscale></attr><attr><attrlabl Sync="TRUE">ACRES</attrlabl><attalias Sync="TRUE">ACRES</attalias><attrtype Sync="TRUE">Double</attrtype><attwidth Sync="TRUE">19</attwidth><atprecis Sync="TRUE">18</atprecis><attscale Sync="TRUE">8</attscale></attr></detailed></eainfo><distinfo><distrib><cntinfo><cntperp><cntper>GIS Analyst</cntper><cntorg>City of Culver City</cntorg></cntperp><cntaddr><addrtype>mailing and physical address</addrtype><address>9770 Culver Blvd</address><city>Culver City</city><state>CA</state><postal>90232-0507</postal><country>USA</country></cntaddr><cntvoice>310.253.5976</cntvoice><cntfax>310.253.5830</cntfax><cntemail>gis@culvercity.org</cntemail><hours>7:30 AM to 5:30 PM</hours></cntinfo></distrib><resdesc>Downloadable Data</resdesc><distliab>The City of Culver City makes no representation or warranties of any kind with respect to the accuracy of the information requested herein, as the map/data is a compilation of records and information obtained from various sources.  The map/data provided is for representational purposes only. It shall not be considered a legally recorded map nor a survey and is not intended to be used as such.  No part of this map/data may be reproduced or transmitted in any form or by any means, electronic or mechanical, including photocopying and recording systems except as expressly permitted in writing by the City of Culver City.  User, its employees, agents, representatives, assigneess, successors-in-interest, and subcontractors shall not sell, release, free trade, assign, or provide access to the Data, directly or indirectly, to third parties.  © City of Culver City.  All Rights Reserved.</distliab><custom>Please contact the Culver City GIS Program for more information.</custom></distinfo><metainfo><metd>20060216</metd><metc><cntinfo><cntperp><cntper>GIS Analyst</cntper><cntorg>City of Culver City</cntorg></cntperp><cntaddr><addrtype>mailing and physical address</addrtype><address>9770 Culver Blvd</address><city>Culver City</city><state>CA</state><postal>90232</postal><country>USA</country></cntaddr><cntvoice>310.253.5976</cntvoice><cntfax>310.253.5830</cntfax><cntemail>gis@culvercity.org</cntemail><hours>7:30 AM to 5:30 PM</hours></cntinfo></metc><metstdn>FGDC Content Standards for Digital Geospatial Metadata</metstdn><metstdv>FGDC-STD-001-1998</metstdv><mettc>local time</mettc><metac>None</metac><metextns><onlink>http://www.esri.com/metadata/esriprof80.html</onlink><metprof>ESRI Metadata Profile</metprof></metextns><metextns><onlink>http://www.esri.com/metadata/esriprof80.html</onlink><metprof>ESRI Metadata Profile</metprof></metextns><metextns><onlink>http://www.esri.com/metadata/esriprof80.html</onlink><metprof>ESRI Metadata Profile</metprof></metextns><langmeta Sync="TRUE">en</langmeta></metainfo><Esri><MetaID>{2788023F-144C-41A6-BF8F-976520774F0C}</MetaID><CreaDate>20060222</CreaDate><CreaTime>09000200</CreaTime><SyncOnce>FALSE</SyncOnce><SyncDate>20210302</SyncDate><SyncTime>10591000</SyncTime><ModDate>20210302</ModDate><ModTime>10591000</ModTime><DataProperties><lineage><Process ToolSource="C:\Program Files\ArcGIS\ArcToolbox\Toolboxes\Data Management Tools.tbx\CopyFeatures" Date="20100601" Time="140409">CopyFeatures C:\Geocortex_Data\Administrative.mdb\Boundary\city_boundary C:\Geocortex_Data\Administrative.gdb\city_boundary # 0 0 0</Process><Process ToolSource="C:\Program Files\ArcGIS\Desktop10.0\ArcToolbox\Toolboxes\Conversion Tools.tbx\FeatureClassToFeatureClass" Date="20111116" Time="184059">FeatureClassToFeatureClass "\\tellus\arcgisserver\TEMP Data\Administrative.gdb\CityBoundary" "Database Connections\ALMANAC-Administrative (sdeadmin).sde" CityBoundary # "ACRES "ACRES" true true false 8 Double 0 0 ,First,#,\\tellus\arcgisserver\TEMP Data\Administrative.gdb\CityBoundary,ACRES,-1,-1;Shape_Length "Shape_Length" false true true 8 Double 0 0 ,First,#,\\tellus\arcgisserver\TEMP Data\Administrative.gdb\CityBoundary,Shape_Length,-1,-1;Shape_Area "Shape_Area" false true true 8 Double 0 0 ,First,#,\\tellus\arcgisserver\TEMP Data\Administrative.gdb\CityBoundary,Shape_Area,-1,-1" #</Process><Process ToolSource="C:\Program Files\ArcGIS\Desktop10.0\ArcToolbox\Toolboxes\Data Management Tools.tbx\ChangePrivileges" Date="20120504" Time="190000">ChangePrivileges 'Database Connections\ALMANAC-Administrative (sdeadmin).sde\Administrative.SDEADMIN.CityBoundary' GIS GRANT GRANT</Process><Process ToolSource="C:\Program Files\ArcGIS\Desktop10.0\ArcToolbox\Toolboxes\Data Management Tools.tbx\ChangePrivileges" Date="20120504" Time="190157">ChangePrivileges 'Database Connections\ALMANAC-Administrative (sdeadmin).sde\Administrative.SDEADMIN.CityBoundary' GIS REVOKE REVOKE</Process><Process ToolSource="C:\Program Files\ArcGIS\Desktop10.0\ArcToolbox\Toolboxes\Data Management Tools.tbx\ChangePrivileges" Date="20120731" Time="221809">ChangePrivileges 'Database Connections\ALMANAC-Administrative (sdeadmin).sde\Administrative.SDEADMIN.CityBoundary' CULVER_CITY\GIS GRANT GRANT</Process><Process ToolSource="C:\Program Files\ArcGIS\Desktop10.0\ArcToolbox\Toolboxes\Data Management Tools.tbx\ChangePrivileges" Date="20120731" Time="223140">ChangePrivileges 'Database Connections\ALMANAC-Administrative (sdeadmin).sde\Administrative.SDEADMIN.CityBoundary' "CULVER_CITY\GIS Viewers" GRANT #</Process><Process ToolSource="C:\Program Files\ArcGIS\Desktop10.0\ArcToolbox\Toolboxes\Data Management Tools.tbx\ChangePrivileges" Date="20120731" Time="223213">ChangePrivileges 'Database Connections\ALMANAC-Administrative (sdeadmin).sde\Administrative.SDEADMIN.CityBoundary' CULVER_CITY\gisviewerplotters GRANT #</Process><Process ToolSource="c:\users\gisadmin01\appdata\local\programs\arcgis\pro\Resources\ArcToolbox\toolboxes\Conversion Tools.tbx\FeatureClassToFeatureClass" Date="20210302" Time="105910">FeatureClassToFeatureClass Boundary "C:\Users\gisadmin01\Desktop\Open Data\Boundary" Boundary.shp # "ACRES "ACRES" true true false 8 Double 8 38,First,#,Boundary,ACRES,-1,-1" #</Process></lineage><itemProps><itemName Sync="TRUE">Boundary</itemName><imsContentType Sync="TRUE">002</imsContentType><itemLocation><linkage Sync="TRUE">file://\\INFOTECH0015344\C$\Users\gisadmin01\Desktop\Open Data\Boundary\Boundary.shp</linkage><protocol Sync="TRUE">Local Area Network</protocol></itemLocation><nativeExtBox><westBL Sync="TRUE">6425747.643378</westBL><eastBL Sync="TRUE">6449684.817992</eastBL><southBL Sync="TRUE">1814186.202359</southBL><northBL Sync="TRUE">1835349.360651</northBL><exTypeCode Sync="TRUE">1</exTypeCode></nativeExtBox><itemSize Sync="TRUE">0.000</itemSize></itemProps><coordRef><type Sync="TRUE">Projected</type><geogcsn Sync="TRUE">GCS_North_American_1983</geogcsn><projcsn Sync="TRUE">NAD_1983_StatePlane_California_V_FIPS_0405_Feet</projcsn><peXml Sync="TRUE">&lt;ProjectedCoordinateSystem xsi:type='typens:ProjectedCoordinateSystem' xmlns:xsi='http://www.w3.org/2001/XMLSchema-instance' xmlns:xs='http://www.w3.org/2001/XMLSchema' xmlns:typens='http://www.esri.com/schemas/ArcGIS/2.7.0'&gt;&lt;WKT&gt;PROJCS[&amp;quot;NAD_1983_StatePlane_California_V_FIPS_0405_Feet&amp;quot;,GEOGCS[&amp;quot;GCS_North_American_1983&amp;quot;,DATUM[&amp;quot;D_North_American_1983&amp;quot;,SPHEROID[&amp;quot;GRS_1980&amp;quot;,6378137.0,298.257222101]],PRIMEM[&amp;quot;Greenwich&amp;quot;,0.0],UNIT[&amp;quot;Degree&amp;quot;,0.0174532925199433]],PROJECTION[&amp;quot;Lambert_Conformal_Conic&amp;quot;],PARAMETER[&amp;quot;False_Easting&amp;quot;,6561666.666666666],PARAMETER[&amp;quot;False_Northing&amp;quot;,1640416.666666667],PARAMETER[&amp;quot;Central_Meridian&amp;quot;,-118.0],PARAMETER[&amp;quot;Standard_Parallel_1&amp;quot;,34.03333333333333],PARAMETER[&amp;quot;Standard_Parallel_2&amp;quot;,35.46666666666667],PARAMETER[&amp;quot;Latitude_Of_Origin&amp;quot;,33.5],UNIT[&amp;quot;Foot_US&amp;quot;,0.3048006096012192],AUTHORITY[&amp;quot;EPSG&amp;quot;,2229]]&lt;/WKT&gt;&lt;XOrigin&gt;-117608900&lt;/XOrigin&gt;&lt;YOrigin&gt;-91881400&lt;/YOrigin&gt;&lt;XYScale&gt;36269466.692146368&lt;/XYScale&gt;&lt;ZOrigin&gt;-100000&lt;/ZOrigin&gt;&lt;ZScale&gt;10000&lt;/ZScale&gt;&lt;MOrigin&gt;-100000&lt;/MOrigin&gt;&lt;MScale&gt;10000&lt;/MScale&gt;&lt;XYTolerance&gt;0.0032808333333333331&lt;/XYTolerance&gt;&lt;ZTolerance&gt;0.001&lt;/ZTolerance&gt;&lt;MTolerance&gt;0.001&lt;/MTolerance&gt;&lt;HighPrecision&gt;true&lt;/HighPrecision&gt;&lt;WKID&gt;102645&lt;/WKID&gt;&lt;LatestWKID&gt;2229&lt;/LatestWKID&gt;&lt;/ProjectedCoordinateSystem&gt;</peXml><csUnits Sync="TRUE">Linear Unit: Foot_US (0.304801)</csUnits></coordRef><LayerFile>{"type":"CIMLayerDocument","version":"2.7.0","build":26828,"layers":["CIMPATH=map/boundary.xml"],"layerDefinitions":[{"type":"CIMFeatureLayer","name":"Boundary","uRI":"CIMPATH=map/boundary.xml","sourceModifiedTime":{"type":"TimeInstant"},"useSourceMetadata":true,"description":"Boundary","layerElevation":{"type":"CIMLayerElevationSurface","mapElevationID":"{2537D7AE-480D-4582-9BBA-6826C90E2805}"},"expanded":true,"layerType":"Operational","showLegends":true,"visibility":true,"displayCacheType":"Permanent","maxDisplayCacheAge":5,"showPopups":true,"serviceLayerID":-1,"refreshRate":-1,"refreshRateUnit":"esriTimeUnitsSeconds","blendingMode":"Alpha","autoGenerateFeatureTemplates":true,"featureElevationExpression":"0","featureTable":{"type":"CIMFeatureTable","displayField":"ACRES","editable":true,"dataConnection":{"type":"CIMStandardDataConnection","workspaceConnectionString":"DATABASE=..\\..\\..\\..\\..\\gisadmin01\\Desktop\\Open Data\\Boundary","workspaceFactory":"Shapefile","dataset":"Boundary","datasetType":"esriDTFeatureClass"},"studyAreaSpatialRel":"esriSpatialRelUndefined","searchOrder":"esriSearchOrderSpatial"},"htmlPopupEnabled":true,"selectable":true,"featureCacheType":"Session","displayFiltersType":"ByScale","featureBlendingMode":"Alpha","labelClasses":[{"type":"CIMLabelClass","expressionTitle":"Custom","expression":"$feature.ACRES","expressionEngine":"Arcade","featuresToLabel":"AllVisibleFeatures","maplexLabelPlacementProperties":{"type":"CIMMaplexLabelPlacementProperties","featureType":"Polygon","avoidPolygonHoles":true,"canOverrunFeature":true,"canPlaceLabelOutsidePolygon":true,"canRemoveOverlappingLabel":true,"canStackLabel":true,"connectionType":"Unambiguous","constrainOffset":"NoConstraint","contourAlignmentType":"Page","contourLadderType":"Straight","contourMaximumAngle":90,"enableConnection":true,"featureWeight":0,"fontHeightReductionLimit":4,"fontHeightReductionStep":0.5,"fontWidthReductionLimit":90,"fontWidthReductionStep":5,"graticuleAlignmentType":"Straight","keyNumberGroupName":"Default","labelBuffer":15,"labelLargestPolygon":true,"labelPriority":-1,"labelStackingProperties":{"type":"CIMMaplexLabelStackingProperties","stackAlignment":"ChooseBest","maximumNumberOfLines":3,"minimumNumberOfCharsPerLine":3,"maximumNumberOfCharsPerLine":24,"separators":[{"type":"CIMMaplexStackingSeparator","separator":" ","splitAfter":true},{"type":"CIMMaplexStackingSeparator","separator":",","visible":true,"splitAfter":true}]},"lineFeatureType":"General","linePlacementMethod":"OffsetCurvedFromLine","maximumLabelOverrun":80,"maximumLabelOverrunUnit":"Point","minimumFeatureSizeUnit":"Map","multiPartOption":"OneLabelPerPart","offsetAlongLineProperties":{"type":"CIMMaplexOffsetAlongLineProperties","placementMethod":"BestPositionAlongLine","labelAnchorPoint":"CenterOfLabel","distanceUnit":"Percentage","useLineDirection":true},"pointExternalZonePriorities":{"type":"CIMMaplexExternalZonePriorities","aboveLeft":4,"aboveCenter":2,"aboveRight":1,"centerRight":3,"belowRight":5,"belowCenter":7,"belowLeft":8,"centerLeft":6},"pointPlacementMethod":"AroundPoint","polygonAnchorPointType":"GeometricCenter","polygonBoundaryWeight":0,"polygonExternalZones":{"type":"CIMMaplexExternalZonePriorities","aboveLeft":4,"aboveCenter":2,"aboveRight":1,"centerRight":3,"belowRight":5,"belowCenter":7,"belowLeft":8,"centerLeft":6},"polygonFeatureType":"General","polygonInternalZones":{"type":"CIMMaplexInternalZonePriorities","center":1},"polygonPlacementMethod":"HorizontalInPolygon","primaryOffset":1,"primaryOffsetUnit":"Point","removeExtraWhiteSpace":true,"repetitionIntervalUnit":"Point","rotationProperties":{"type":"CIMMaplexRotationProperties","rotationType":"Arithmetic","alignmentType":"Straight"},"secondaryOffset":100,"strategyPriorities":{"type":"CIMMaplexStrategyPriorities","stacking":1,"overrun":2,"fontCompression":3,"fontReduction":4,"abbreviation":5},"thinningDistanceUnit":"Point","truncationMarkerCharacter":".","truncationMinimumLength":1,"truncationPreferredCharacters":"aeiou","truncationExcludedCharacters":"0123456789","polygonAnchorPointPerimeterInsetUnit":"Point"},"name":"Class 1","priority":-1,"standardLabelPlacementProperties":{"type":"CIMStandardLabelPlacementProperties","featureType":"Line","featureWeight":"None","labelWeight":"High","numLabelsOption":"OneLabelPerName","lineLabelPosition":{"type":"CIMStandardLineLabelPosition","above":true,"inLine":true,"parallel":true},"lineLabelPriorities":{"type":"CIMStandardLineLabelPriorities","aboveStart":3,"aboveAlong":3,"aboveEnd":3,"centerStart":3,"centerAlong":3,"centerEnd":3,"belowStart":3,"belowAlong":3,"belowEnd":3},"pointPlacementMethod":"AroundPoint","pointPlacementPriorities":{"type":"CIMStandardPointPlacementPriorities","aboveLeft":2,"aboveCenter":2,"aboveRight":1,"centerLeft":3,"centerRight":2,"belowLeft":3,"belowCenter":3,"belowRight":2},"rotationType":"Arithmetic","polygonPlacementMethod":"AlwaysHorizontal"},"textSymbol":{"type":"CIMSymbolReference","symbol":{"type":"CIMTextSymbol","blockProgression":"TTB","depth3D":1,"extrapolateBaselines":true,"fontEffects":"Normal","fontEncoding":"Unicode","fontFamilyName":"Tahoma","fontStyleName":"Regular","fontType":"Unspecified","haloSize":1,"height":10,"hinting":"Default","horizontalAlignment":"Left","kerning":true,"letterWidth":100,"ligatures":true,"lineGapType":"ExtraLeading","symbol":{"type":"CIMPolygonSymbol","symbolLayers":[{"type":"CIMSolidFill","enable":true,"color":{"type":"CIMRGBColor","values":[0,0,0,100]}}]},"textCase":"Normal","textDirection":"LTR","verticalAlignment":"Bottom","verticalGlyphOrientation":"Right","wordSpacing":100,"billboardMode3D":"FaceNearPlane"}},"useCodedValue":true,"visibility":true,"iD":-1}],"renderer":{"type":"CIMSimpleRenderer","patch":"Default","symbol":{"type":"CIMSymbolReference","symbol":{"type":"CIMPolygonSymbol","symbolLayers":[{"type":"CIMSolidStroke","enable":true,"capStyle":"Round","joinStyle":"Round","lineStyle3D":"Strip","miterLimit":10,"width":0.69999999999999996,"color":{"type":"CIMRGBColor","values":[110,110,110,100]}},{"type":"CIMSolidFill","enable":true,"color":{"type":"CIMRGBColor","values":[252.449999999999989,181.759999999999991,221.819999999999993,100]}}]}}},"scaleSymbols":true,"snappable":true}]}</LayerFile></DataProperties></Esri><dataIdInfo><envirDesc Sync="TRUE">Microsoft Windows 10 Version 10.0 (Build 18363) ; Esri ArcGIS 12.7.0.26828</envirDesc><dataLang><languageCode Sync="TRUE" value="eng" country="USA"/><countryCode value="USA" Sync="TRUE"/></dataLang><idCitation><resTitle Sync="TRUE">Boundary</resTitle><presForm><PresFormCd Sync="TRUE" value="005"/></presForm></idCitation><spatRpType><SpatRepTypCd Sync="TRUE" value="001"/></spatRpType><dataExt><geoEle><GeoBndBox esriExtentType="native"><westBL Sync="TRUE">6425747.643378</westBL><eastBL Sync="TRUE">6449684.817992</eastBL><northBL Sync="TRUE">1835349.360651</northBL><southBL Sync="TRUE">1814186.202359</southBL><exTypeCode Sync="TRUE">1</exTypeCode></GeoBndBox></geoEle></dataExt><geoBox esriExtentType="decdegrees"><westBL Sync="TRUE">-118.448616</westBL><eastBL Sync="TRUE">-118.369352</eastBL><northBL Sync="TRUE">34.035066</northBL><southBL Sync="TRUE">33.976646</southBL><exTypeCode Sync="TRUE">1</exTypeCode></geoBox><descKeys><thesaName uuidref="723f6998-058e-11dc-8314-0800200c9a66"/><keyword Sync="TRUE">002</keyword></descKeys><dataExt><geoEle><GeoBndBox esriExtentType="search"><exTypeCode Sync="TRUE">1</exTypeCode><westBL Sync="TRUE">-118.448616</westBL><eastBL Sync="TRUE">-118.369352</eastBL><northBL Sync="TRUE">34.035066</northBL><southBL Sync="TRUE">33.976646</southBL></GeoBndBox></geoEle></dataExt></dataIdInfo><mdLang><languageCode Sync="TRUE" value="eng"/><countryCode value="USA" Sync="TRUE"/></mdLang><mdStanName Sync="TRUE">ISO 19115 Geographic Information - Metadata</mdStanName><mdStanVer Sync="TRUE">DIS_ESRI1.0</mdStanVer><mdChar><CharSetCd Sync="TRUE" value="004"/></mdChar><mdHrLv><ScopeCd Sync="TRUE" value="005"/></mdHrLv><mdHrLvName Sync="TRUE">dataset</mdHrLvName><distInfo><distributor><distorTran><onLineSrc><orDesc Sync="TRUE">002</orDesc><linkage Sync="TRUE">file://\\INFOTECH0013684\C$\Geocortex_Data\Administrative.gdb</linkage><protocol Sync="TRUE">Local Area Network</protocol></onLineSrc></distorTran><distorFormat><formatName Sync="TRUE">File Geodatabase Feature Class</formatName></distorFormat></distributor><distFormat><formatName Sync="TRUE">Shapefile</formatName></distFormat><distTranOps><transSize Sync="TRUE">0.000</transSize></distTranOps></distInfo><refSysInfo><RefSystem><refSysID><identCode Sync="TRUE" code="2229">NAD_1983_StatePlane_California_V_FIPS_0405_Feet</identCode><idCodeSpace Sync="TRUE">EPSG</idCodeSpace><idVersion Sync="TRUE">5.3(9.0.0)</idVersion></refSysID></RefSystem></refSysInfo><spatRepInfo><VectSpatRep><geometObjs Name="Boundary"><geoObjTyp><GeoObjTypCd value="002" Sync="TRUE"></GeoObjTypCd></geoObjTyp><geoObjCnt Sync="TRUE">0</geoObjCnt></geometObjs><topLvl><TopoLevCd value="001" Sync="TRUE"></TopoLevCd></topLvl></VectSpatRep></spatRepInfo><mdDateSt Sync="TRUE">20210302</mdDateSt></metadata>
